input_id,affinity_affinity_pred_value,affinity_affinity_pred_value1,affinity_affinity_pred_value2,affinity_affinity_probability_binary,affinity_affinity_probability_binary1,affinity_affinity_probability_binary2,confidence_complex_ipde,confidence_complex_iplddt,confidence_complex_pde,confidence_complex_plddt,confidence_confidence_score,confidence_iptm,confidence_ligand_iptm,confidence_protein_iptm,confidence_ptm
b3_FOLIC,1.151918888092041,1.2278136014938354,1.0760241746902466,0.4888157248497009,0.6981120705604553,0.27951934933662415,1.4102777242660522,0.8860599994659424,0.4292459189891815,0.9547225832939148,0.9519975781440735,0.9410974979400635,0.9410974979400635,0.0,0.9073550701141357
b3_LPHE,2.3832945823669434,2.0773673057556152,2.6892218589782715,0.3510935306549072,0.5141239762306213,0.1880630999803543,1.2563846111297607,0.8855220079421997,0.33921360969543457,0.9514705538749695,0.9508137106895447,0.9481863379478455,0.9481863379478455,0.0,0.9339914321899414
b3_METHOTREX,0.9620506763458252,0.7049276828765869,1.2191736698150635,0.5312042236328125,0.8159946203231812,0.24641385674476624,1.7794314622879028,0.8438954949378967,0.4661608636379242,0.9461649060249329,0.9396370053291321,0.9135254621505737,0.9135254621505737,0.0,0.9050661325454712
b3_MTHF,1.2948483228683472,1.0360119342803955,1.5536847114562988,0.47375985980033875,0.7584446668624878,0.1890750527381897,3.582634210586548,0.762729287147522,0.6190847754478455,0.9271157383918762,0.9115381240844727,0.8492277264595032,0.8492277264595032,0.0,0.8882385492324829
b3_SAPROPT,1.1291460990905762,0.3400219678878784,1.918270230293274,0.5310930013656616,0.7096672058105469,0.35251882672309875,4.928391933441162,0.7971563935279846,0.56341153383255,0.9461818933486938,0.9101425409317017,0.765984833240509,0.765984833240509,0.0,0.9136199951171875
b3_SEPIAPT,0.892712414264679,0.2563041150569916,1.529120683670044,0.546358048915863,0.675323486328125,0.4173926115036011,4.7238898277282715,0.8390258550643921,0.5500151515007019,0.9505751132965088,0.9211952090263367,0.803675651550293,0.803675651550293,0.0,0.9167095422744751
b3_TETHYBIO,1.4113078117370605,0.9693201780319214,1.8532954454421997,0.5411017537117004,0.7202033996582031,0.36200007796287537,5.949415683746338,0.7076385021209717,0.6322888135910034,0.9336157441139221,0.8840862512588501,0.6859679818153381,0.6859679818153381,0.0,0.8938665390014648
