{
    "affinity_pred_value": 2.4169516563415527,
    "affinity_probability_binary": 0.3825148642063141,
    "affinity_pred_value1": 2.594362258911133,
    "affinity_probability_binary1": 0.3100806474685669,
    "affinity_pred_value2": 2.2395408153533936,
    "affinity_probability_binary2": 0.4549490809440613
}