{
    "confidence_score": 0.9277732968330383,
    "ptm": 0.9423984885215759,
    "iptm": 0.8958370089530945,
    "ligand_iptm": 0.8958370089530945,
    "protein_iptm": 0.0,
    "complex_plddt": 0.9357573986053467,
    "complex_iplddt": 0.9176366925239563,
    "complex_pde": 0.512274980545044,
    "complex_ipde": 2.4105112552642822,
    "chains_ptm": {
        "0": 0.9445397853851318,
        "1": 0.9405577182769775
    },
    "pair_chains_iptm": {
        "0": {
            "0": 0.9445397853851318,
            "1": 0.3917207717895508
        },
        "1": {
            "0": 0.8958370089530945,
            "1": 0.9405577182769775
        }
    }
}