{
  "pdb_id": "6CWA",
  "center_x": 9.584024429321289,
  "center_y": 0.3949086368083954,
  "center_z": 29.831769943237305,
  "radius_angstrom": 10
}